年份,届次,题号,文件名,本地相对路径,大小KB,是否压缩包,备注
2020,第十七届,A,A题.zip,2020年研究生数学建模竞赛优秀论文选\2020年优秀论文\A题.zip,12130,是,需解压后阅读
2020,第十七届,B,B题.zip,2020年研究生数学建模竞赛优秀论文选\2020年优秀论文\B题.zip,27546,是,需解压后阅读
2020,第十七届,C,C题.zip,2020年研究生数学建模竞赛优秀论文选\2020年优秀论文\C题.zip,20154,是,需解压后阅读
2020,第十七届,D,D题.zip,2020年研究生数学建模竞赛优秀论文选\2020年优秀论文\D题.zip,11697,是,需解压后阅读
2020,第十七届,E,E题.zip,2020年研究生数学建模竞赛优秀论文选\2020年优秀论文\E题.zip,26316,是,需解压后阅读
2020,第十七届,F,F题.zip,2020年研究生数学建模竞赛优秀论文选\2020年优秀论文\F题.zip,18594,是,需解压后阅读
2021,第十八届,A,A21102170024.pdf,2021年研究生数学建模优秀论文选\6.16 数模论文\A\A21102170024.pdf,1549,否,可直接阅读PDF
2021,第十八届,A,A21102480004.pdf,2021年研究生数学建模优秀论文选\6.16 数模论文\A\A21102480004.pdf,27576,否,可直接阅读PDF
2021,第十八届,A,A21102860059.pdf,2021年研究生数学建模优秀论文选\6.16 数模论文\A\A21102860059.pdf,1025,否,可直接阅读PDF
2021,第十八届,A,A21102860073.pdf,2021年研究生数学建模优秀论文选\6.16 数模论文\获数模之星提名奖（12篇）\A21102860073.pdf,2408,否,可直接阅读PDF
2021,第十八届,A,A21102910019.pdf,2021年研究生数学建模优秀论文选\6.16 数模论文\获数模之星提名奖（12篇）\A21102910019.pdf,1519,否,可直接阅读PDF
2021,第十八届,A,A21103580003.pdf,2021年研究生数学建模优秀论文选\6.16 数模论文\A\A21103580003.pdf,2491,否,可直接阅读PDF
2021,第十八届,A,A21106140105.pdf,2021年研究生数学建模优秀论文选\6.16 数模论文\A\A21106140105.pdf,2395,否,可直接阅读PDF
2021,第十八届,B,B21100130067.pdf,2021年研究生数学建模优秀论文选\6.16 数模论文\B\B21100130067.pdf,3749,否,可直接阅读PDF
2021,第十八届,B,B21100790043.pdf,2021年研究生数学建模优秀论文选\6.16 数模论文\B\B21100790043.pdf,9365,否,可直接阅读PDF
2021,第十八届,B,B21102510017.pdf,2021年研究生数学建模优秀论文选\6.16 数模论文\B\B21102510017.pdf,3215,否,可直接阅读PDF
2021,第十八届,B,B21102690002.pdf,2021年研究生数学建模优秀论文选\6.16 数模论文\B\B21102690002.pdf,2172,否,可直接阅读PDF
2021,第十八届,B,B21103530001.pdf,2021年研究生数学建模优秀论文选\6.16 数模论文\B\B21103530001.pdf,2669,否,可直接阅读PDF
2021,第十八届,B,B21105610069.pdf,2021年研究生数学建模优秀论文选\6.16 数模论文\获数模之星提名奖（12篇）\B21105610069.pdf,4106,否,可直接阅读PDF
2021,第十八届,B,B21106990088.pdf,2021年研究生数学建模优秀论文选\6.16 数模论文\获数模之星提名奖（12篇）\B21106990088.pdf,2878,否,可直接阅读PDF
2021,第十八届,B,B21107040042.pdf,2021年研究生数学建模优秀论文选\6.16 数模论文\B\B21107040042.pdf,9523,否,可直接阅读PDF
2021,第十八届,B,B21116640067.pdf,2021年研究生数学建模优秀论文选\6.16 数模论文\B\B21116640067.pdf,4880,否,可直接阅读PDF
2021,第十八届,C,C21100560011.pdf,2021年研究生数学建模优秀论文选\6.16 数模论文\C\C21100560011.pdf,3970,否,可直接阅读PDF
2021,第十八届,C,C21102470060.pdf,2021年研究生数学建模优秀论文选\6.16 数模论文\C\C21102470060.pdf,7772,否,可直接阅读PDF
2021,第十八届,C,C21102860153.pdf,2021年研究生数学建模优秀论文选\6.16 数模论文\获数模之星提名奖（12篇）\C21102860153.pdf,4106,否,可直接阅读PDF
2021,第十八届,C,C21102920013.pdf,2021年研究生数学建模优秀论文选\6.16 数模论文\C\C21102920013.pdf,1966,否,可直接阅读PDF
2021,第十八届,C,C21102920019.pdf,2021年研究生数学建模优秀论文选\6.16 数模论文\C\C21102920019.pdf,2969,否,可直接阅读PDF
2021,第十八届,C,C21104240047.pdf,2021年研究生数学建模优秀论文选\6.16 数模论文\获数模之星提名奖（12篇）\C21104240047.pdf,2748,否,可直接阅读PDF
2021,第十八届,C,C21106980211.pdf,2021年研究生数学建模优秀论文选\6.16 数模论文\C\C21106980211.pdf,5011,否,可直接阅读PDF
2021,第十八届,D,D21101080006.pdf,2021年研究生数学建模优秀论文选\6.16 数模论文\D\D21101080006.pdf,4468,否,可直接阅读PDF
2021,第十八届,D,D21102700119.pdf,2021年研究生数学建模优秀论文选\6.16 数模论文\D\D21102700119.pdf,2800,否,可直接阅读PDF
2021,第十八届,D,D21102800176.pdf,2021年研究生数学建模优秀论文选\6.16 数模论文\获数模之星提名奖（12篇）\D21102800176.pdf,6473,否,可直接阅读PDF
2021,第十八届,D,D21102980066.pdf,2021年研究生数学建模优秀论文选\6.16 数模论文\D\D21102980066.pdf,2232,否,可直接阅读PDF
2021,第十八届,D,D21103000002.pdf,2021年研究生数学建模优秀论文选\6.16 数模论文\获数模之星提名奖（12篇）\D21103000002.pdf,3998,否,可直接阅读PDF
2021,第十八届,D,D21104860088.pdf,2021年研究生数学建模优秀论文选\6.16 数模论文\D\D21104860088.pdf,4324,否,可直接阅读PDF
2021,第十八届,D,D21116460003.pdf,2021年研究生数学建模优秀论文选\6.16 数模论文\D\D21116460003.pdf,35579,否,可直接阅读PDF
2021,第十八届,E,E21100030005.pdf,2021年研究生数学建模优秀论文选\6.16 数模论文\E\E21100030005.pdf,8815,否,可直接阅读PDF
2021,第十八届,E,E21103860005.pdf,2021年研究生数学建模优秀论文选\6.16 数模论文\获数模之星提名奖（12篇）\E21103860005.pdf,1854,否,可直接阅读PDF
2021,第十八届,E,E21103860006.pdf,2021年研究生数学建模优秀论文选\6.16 数模论文\E\E21103860006.pdf,3360,否,可直接阅读PDF
2021,第十八届,E,E21104080004.pdf,2021年研究生数学建模优秀论文选\6.16 数模论文\E\E21104080004.pdf,2414,否,可直接阅读PDF
2021,第十八届,E,E21104870136.pdf,2021年研究生数学建模优秀论文选\6.16 数模论文\获数模之星提名奖（12篇）\E21104870136.pdf,2372,否,可直接阅读PDF
2021,第十八届,E,E21105330243.pdf,2021年研究生数学建模优秀论文选\6.16 数模论文\E\E21105330243.pdf,2425,否,可直接阅读PDF
2021,第十八届,E,E21832010024.pdf,2021年研究生数学建模优秀论文选\6.16 数模论文\E\E21832010024.pdf,3285,否,可直接阅读PDF
2021,第十八届,F,F21102480018.pdf,2021年研究生数学建模优秀论文选\6.16 数模论文\获数模之星提名奖（12篇）\F21102480018.pdf,5655,否,可直接阅读PDF
2021,第十八届,F,F21102540382.pdf,2021年研究生数学建模优秀论文选\6.16 数模论文\F\F21102540382.pdf,928,否,可直接阅读PDF
2021,第十八届,F,F21102870035.pdf,2021年研究生数学建模优秀论文选\6.16 数模论文\F\F21102870035.pdf,755,否,可直接阅读PDF
2021,第十八届,F,F21102920005.pdf,2021年研究生数学建模优秀论文选\6.16 数模论文\F\F21102920005.pdf,1230,否,可直接阅读PDF
2021,第十八届,F,F21103360050.pdf,2021年研究生数学建模优秀论文选\6.16 数模论文\F\F21103360050.pdf,1609,否,可直接阅读PDF
2021,第十八届,F,F21103560049.pdf,2021年研究生数学建模优秀论文选\6.16 数模论文\获数模之星提名奖（12篇）\F21103560049.pdf,1530,否,可直接阅读PDF
2021,第十八届,F,F21104870099.pdf,2021年研究生数学建模优秀论文选\6.16 数模论文\F\F21104870099.pdf,2693,否,可直接阅读PDF
2022,第十九届,A,A.zip,2022年研究生数学建模优秀论文选\A.zip,22184,是,需解压后阅读
2022,第十九届,B,B.zip,2022年研究生数学建模优秀论文选\B.zip,28810,是,需解压后阅读
2022,第十九届,C,C.zip,2022年研究生数学建模优秀论文选\C.zip,10741,是,需解压后阅读
2022,第十九届,D,D.zip,2022年研究生数学建模优秀论文选\D.zip,13249,是,需解压后阅读
2022,第十九届,E,E.zip,2022年研究生数学建模优秀论文选\E.zip,31186,是,需解压后阅读
2022,第十九届,F,F.zip,2022年研究生数学建模优秀论文选\F.zip,54084,是,需解压后阅读
2023,第二十届,A,A23100070049.pdf,2023年研究生数学建模竞赛优秀论文选\A23100070049.pdf,2349,否,可直接阅读PDF
2023,第二十届,A,A23102470073.pdf,2023年研究生数学建模竞赛优秀论文选\A23102470073.pdf,4039,否,可直接阅读PDF
2023,第二十届,A,A23102480015.pdf,2023年研究生数学建模竞赛优秀论文选\A23102480015.pdf,2369,否,可直接阅读PDF
2023,第二十届,A,A23102860239.pdf,2023年研究生数学建模竞赛优秀论文选\A23102860239.pdf,5898,否,可直接阅读PDF
2023,第二十届,A,A23102890028.pdf,2023年研究生数学建模竞赛优秀论文选\A23102890028.pdf,1824,否,可直接阅读PDF
2023,第二十届,A,A23103360079.pdf,2023年研究生数学建模竞赛优秀论文选\A23103360079.pdf,37175,否,可直接阅读PDF
2023,第二十届,A,A23103840031.pdf,2023年研究生数学建模竞赛优秀论文选\A23103840031.pdf,3664,否,可直接阅读PDF
2023,第二十届,A,A23104220005.pdf,2023年研究生数学建模竞赛优秀论文选\A23104220005.pdf,5956,否,可直接阅读PDF
2023,第二十届,A,A23104860166.pdf,2023年研究生数学建模竞赛优秀论文选\A23104860166.pdf,3295,否,可直接阅读PDF
2023,第二十届,A,A23105330383.pdf,2023年研究生数学建模竞赛优秀论文选\A23105330383.pdf,2218,否,可直接阅读PDF
2023,第二十届,B,B23100070010.pdf,2023年研究生数学建模竞赛优秀论文选\B23100070010.pdf,9605,否,可直接阅读PDF
2023,第二十届,B,B23100070173.pdf,2023年研究生数学建模竞赛优秀论文选\B23100070173.pdf,1148,否,可直接阅读PDF
2023,第二十届,B,B23102870003.pdf,2023年研究生数学建模竞赛优秀论文选\B23102870003.pdf,3695,否,可直接阅读PDF
2023,第二十届,B,B23102870182.pdf,2023年研究生数学建模竞赛优秀论文选\B23102870182.pdf,1851,否,可直接阅读PDF
2023,第二十届,B,B23103360062.pdf,2023年研究生数学建模竞赛优秀论文选\B23103360062.pdf,3212,否,可直接阅读PDF
2023,第二十届,B,B23104860044.pdf,2023年研究生数学建模竞赛优秀论文选\B23104860044.pdf,2000,否,可直接阅读PDF
2023,第二十届,B,B23105580005.pdf,2023年研究生数学建模竞赛优秀论文选\B23105580005.pdf,3218,否,可直接阅读PDF
2023,第二十届,B,B23106140164.pdf,2023年研究生数学建模竞赛优秀论文选\B23106140164.pdf,1547,否,可直接阅读PDF
2023,第二十届,B,B23111170006.pdf,2023年研究生数学建模竞赛优秀论文选\B23111170006.pdf,1699,否,可直接阅读PDF
2023,第二十届,C,C23102540029.pdf,2023年研究生数学建模竞赛优秀论文选\C23102540029.pdf,3532,否,可直接阅读PDF
2023,第二十届,C,C23102890004.pdf,2023年研究生数学建模竞赛优秀论文选\C23102890004.pdf,1982,否,可直接阅读PDF
2023,第二十届,C,C23102980125.pdf,2023年研究生数学建模竞赛优秀论文选\C23102980125.pdf,3237,否,可直接阅读PDF
2023,第二十届,C,C23103360083.pdf,2023年研究生数学建模竞赛优秀论文选\C23103360083.pdf,2297,否,可直接阅读PDF
2023,第二十届,C,C23103510013.pdf,2023年研究生数学建模竞赛优秀论文选\C23103510013.pdf,3975,否,可直接阅读PDF
2023,第二十届,C,C23104080013.pdf,2023年研究生数学建模竞赛优秀论文选\C23104080013.pdf,4131,否,可直接阅读PDF
2023,第二十届,C,C23106130016.pdf,2023年研究生数学建模竞赛优秀论文选\C23106130016.pdf,4877,否,可直接阅读PDF
2023,第二十届,C,C23106570312.pdf,2023年研究生数学建模竞赛优秀论文选\C23106570312.pdf,12115,否,可直接阅读PDF
2023,第二十届,C,C23107120024.pdf,2023年研究生数学建模竞赛优秀论文选\C23107120024.pdf,6788,否,可直接阅读PDF
2023,第二十届,C,C23910020010.pdf,2023年研究生数学建模竞赛优秀论文选\C23910020010.pdf,3119,否,可直接阅读PDF
2023,第二十届,D,D23100060041.pdf,2023年研究生数学建模竞赛优秀论文选\D23100060041.pdf,6058,否,可直接阅读PDF
2023,第二十届,D,D23102690008.pdf,2023年研究生数学建模竞赛优秀论文选\D23102690008.pdf,3891,否,可直接阅读PDF
2023,第二十届,D,D23102860126.pdf,2023年研究生数学建模竞赛优秀论文选\D23102860126.pdf,5481,否,可直接阅读PDF
2023,第二十届,D,D23103560099.pdf,2023年研究生数学建模竞赛优秀论文选\D23103560099.pdf,5508,否,可直接阅读PDF
2023,第二十届,D,D23104860011.pdf,2023年研究生数学建模竞赛优秀论文选\D23104860011.pdf,5662,否,可直接阅读PDF
2023,第二十届,D,D23105330094.pdf,2023年研究生数学建模竞赛优秀论文选\D23105330094.pdf,6851,否,可直接阅读PDF
2023,第二十届,D,D23106350004.pdf,2023年研究生数学建模竞赛优秀论文选\D23106350004.pdf,4596,否,可直接阅读PDF
2023,第二十届,D,D23106740070.pdf,2023年研究生数学建模竞赛优秀论文选\D23106740070.pdf,6282,否,可直接阅读PDF
2023,第二十届,D,D23116460172.pdf,2023年研究生数学建模竞赛优秀论文选\D23116460172.pdf,2386,否,可直接阅读PDF
2023,第二十届,E,E23100650012.pdf,2023年研究生数学建模竞赛优秀论文选\E23100650012.pdf,5632,否,可直接阅读PDF
2023,第二十届,E,E23102550019.pdf,2023年研究生数学建模竞赛优秀论文选\E23102550019.pdf,10118,否,可直接阅读PDF
2023,第二十届,E,E23103530067.pdf,2023年研究生数学建模竞赛优秀论文选\E23103530067.pdf,6982,否,可直接阅读PDF
2023,第二十届,E,E23103570015.pdf,2023年研究生数学建模竞赛优秀论文选\E23103570015.pdf,7936,否,可直接阅读PDF
2023,第二十届,E,E23104030073.pdf,2023年研究生数学建模竞赛优秀论文选\E23104030073.pdf,4716,否,可直接阅读PDF
2023,第二十届,E,E23105330424.pdf,2023年研究生数学建模竞赛优秀论文选\E23105330424.pdf,4505,否,可直接阅读PDF
2023,第二十届,E,E23106730076.pdf,2023年研究生数学建模竞赛优秀论文选\E23106730076.pdf,6189,否,可直接阅读PDF
2023,第二十届,E,E23106980022.pdf,2023年研究生数学建模竞赛优秀论文选\E23106980022.pdf,5765,否,可直接阅读PDF
2023,第二十届,E,E23107030070.pdf,2023年研究生数学建模竞赛优秀论文选\E23107030070.pdf,4417,否,可直接阅读PDF
2023,第二十届,E,E23900310014.pdf,2023年研究生数学建模竞赛优秀论文选\E23900310014.pdf,3649,否,可直接阅读PDF
2023,第二十届,F,F23102520378.pdf,2023年研究生数学建模竞赛优秀论文选\F23102520378.pdf,6471,否,可直接阅读PDF
2023,第二十届,F,F23102690048.pdf,2023年研究生数学建模竞赛优秀论文选\F23102690048.pdf,14740,否,可直接阅读PDF
2023,第二十届,F,F23102860072.pdf,2023年研究生数学建模竞赛优秀论文选\F23102860072.pdf,33591,否,可直接阅读PDF
2023,第二十届,F,F23103560002.pdf,2023年研究生数学建模竞赛优秀论文选\F23103560002.pdf,3586,否,可直接阅读PDF
2023,第二十届,F,F23104040152.pdf,2023年研究生数学建模竞赛优秀论文选\F23104040152.pdf,16802,否,可直接阅读PDF
2023,第二十届,F,F23105550004.pdf,2023年研究生数学建模竞赛优秀论文选\F23105550004.pdf,3008,否,可直接阅读PDF
2023,第二十届,F,F23107010086.pdf,2023年研究生数学建模竞赛优秀论文选\F23107010086.pdf,6056,否,可直接阅读PDF
2023,第二十届,F,F23107300013.pdf,2023年研究生数学建模竞赛优秀论文选\F23107300013.pdf,5151,否,可直接阅读PDF
2023,第二十届,F,F23910020015.pdf,2023年研究生数学建模竞赛优秀论文选\F23910020015.pdf,3981,否,可直接阅读PDF
2023,第二十届,F,F23910020096.pdf,2023年研究生数学建模竞赛优秀论文选\F23910020096.pdf,5472,否,可直接阅读PDF
2024,第二十一届,A,A24102940057.pdf,2024年研究生数学建模竞赛优秀论文选\2024年研究生数学建模竞赛优秀论文选\A\A24102940057.pdf,3103,否,可直接阅读PDF
2024,第二十一届,A,A24103350007.pdf,2024年研究生数学建模竞赛优秀论文选\2024年研究生数学建模竞赛优秀论文选\A\A24103350007.pdf,19574,否,可直接阅读PDF
2024,第二十一届,A,A24103530117.pdf,2024年研究生数学建模竞赛优秀论文选\2024年研究生数学建模竞赛优秀论文选\A\A24103530117.pdf,4135,否,可直接阅读PDF
2024,第二十一届,A,A24107120016.pdf,2024年研究生数学建模竞赛优秀论文选\2024年研究生数学建模竞赛优秀论文选\A\A24107120016.pdf,7992,否,可直接阅读PDF
2024,第二十一届,B,B24102860287.pdf,2024年研究生数学建模竞赛优秀论文选\2024年研究生数学建模竞赛优秀论文选\B\B24102860287.pdf,2720,否,可直接阅读PDF
2024,第二十一届,B,B24103530099.pdf,2024年研究生数学建模竞赛优秀论文选\2024年研究生数学建模竞赛优秀论文选\B\B24103530099.pdf,4846,否,可直接阅读PDF
2024,第二十一届,B,B24104760033.pdf,2024年研究生数学建模竞赛优秀论文选\2024年研究生数学建模竞赛优秀论文选\B\B24104760033.pdf,5131,否,可直接阅读PDF
2024,第二十一届,B,B24116640167.pdf,2024年研究生数学建模竞赛优秀论文选\2024年研究生数学建模竞赛优秀论文选\B\B24116640167.pdf,6313,否,可直接阅读PDF
2024,第二十一届,C,C24102890089.pdf,2024年研究生数学建模竞赛优秀论文选\2024年研究生数学建模竞赛优秀论文选\C\C24102890089.pdf,7399,否,可直接阅读PDF
2024,第二十一届,C,C24103860012.pdf,2024年研究生数学建模竞赛优秀论文选\2024年研究生数学建模竞赛优秀论文选\C\C24103860012.pdf,5237,否,可直接阅读PDF
2024,第二十一届,C,C24104220149.pdf,2024年研究生数学建模竞赛优秀论文选\2024年研究生数学建模竞赛优秀论文选\C\C24104220149.pdf,3050,否,可直接阅读PDF
2024,第二十一届,C,C24106130096.pdf,2024年研究生数学建模竞赛优秀论文选\2024年研究生数学建模竞赛优秀论文选\C\C24106130096.pdf,7614,否,可直接阅读PDF
2024,第二十一届,D,D24103850092.pdf,2024年研究生数学建模竞赛优秀论文选\2024年研究生数学建模竞赛优秀论文选\D\D24103850092.pdf,11404,否,可直接阅读PDF
2024,第二十一届,D,D24104250063.pdf,2024年研究生数学建模竞赛优秀论文选\2024年研究生数学建模竞赛优秀论文选\D\D24104250063.pdf,5033,否,可直接阅读PDF
2024,第二十一届,D,D24104460003.pdf,2024年研究生数学建模竞赛优秀论文选\2024年研究生数学建模竞赛优秀论文选\D\D24104460003.pdf,16419,否,可直接阅读PDF
2024,第二十一届,D,D24106570027.pdf,2024年研究生数学建模竞赛优秀论文选\2024年研究生数学建模竞赛优秀论文选\D\D24106570027.pdf,19085,否,可直接阅读PDF
2024,第二十一届,E,E24101480006.pdf,2024年研究生数学建模竞赛优秀论文选\2024年研究生数学建模竞赛优秀论文选\E\E24101480006.pdf,26677,否,可直接阅读PDF
2024,第二十一届,E,E24102870008.pdf,2024年研究生数学建模竞赛优秀论文选\2024年研究生数学建模竞赛优秀论文选\E\E24102870008.pdf,19998,否,可直接阅读PDF
2024,第二十一届,E,E24102910005.pdf,2024年研究生数学建模竞赛优秀论文选\2024年研究生数学建模竞赛优秀论文选\E\E24102910005.pdf,5488,否,可直接阅读PDF
2024,第二十一届,E,E24106980067.pdf,2024年研究生数学建模竞赛优秀论文选\2024年研究生数学建模竞赛优秀论文选\E\E24106980067.pdf,5912,否,可直接阅读PDF
2024,第二十一届,F,F24102870082.pdf,2024年研究生数学建模竞赛优秀论文选\2024年研究生数学建模竞赛优秀论文选\F\F24102870082.pdf,2572,否,可直接阅读PDF
2024,第二十一届,F,F24103360083.pdf,2024年研究生数学建模竞赛优秀论文选\2024年研究生数学建模竞赛优秀论文选\F\F24103360083.pdf,7848,否,可直接阅读PDF
2024,第二十一届,F,F24104860143.pdf,2024年研究生数学建模竞赛优秀论文选\2024年研究生数学建模竞赛优秀论文选\F\F24104860143.pdf,11970,否,可直接阅读PDF
2024,第二十一届,F,F24910020063.pdf,2024年研究生数学建模竞赛优秀论文选\2024年研究生数学建模竞赛优秀论文选\F\F24910020063.pdf,7419,否,可直接阅读PDF
2025,第二十二届,A,A题-1-通用神经网络处理器下的核内调度问题.pdf,2025年研究生数学建模竞赛优秀论文选\2025年研究生数学建模竞赛优秀论文选\A题优秀论文\A题-1-通用神经网络处理器下的核内调度问题.pdf,3923,否,可直接阅读PDF
2025,第二十二届,A,A题-2-通用神经网络处理器下的核内调度问题.pdf,2025年研究生数学建模竞赛优秀论文选\2025年研究生数学建模竞赛优秀论文选\A题优秀论文\A题-2-通用神经网络处理器下的核内调度问题.pdf,4384,否,可直接阅读PDF
2025,第二十二届,A,A题-NPU 核内调度算法设计与优化研究.pdf,2025年研究生数学建模竞赛优秀论文选\2025年研究生数学建模竞赛优秀论文选\A题优秀论文\A题-NPU 核内调度算法设计与优化研究.pdf,3044,否,可直接阅读PDF
2025,第二十二届,A,A题-面向 Davinci 架构的 NPU 核内调度算法研究.pdf,2025年研究生数学建模竞赛优秀论文选\2025年研究生数学建模竞赛优秀论文选\A题优秀论文\A题-面向 Davinci 架构的 NPU 核内调度算法研究.pdf,6125,否,可直接阅读PDF
2025,第二十二届,B,B题-MIMO-OFDM 链路速率预测问题的建模研究.pdf,2025年研究生数学建模竞赛优秀论文选\2025年研究生数学建模竞赛优秀论文选\B题优秀论文\B题-MIMO-OFDM 链路速率预测问题的建模研究.pdf,6036,否,可直接阅读PDF
2025,第二十二届,B,B题-无线通信系统链路速率建模.pdf,2025年研究生数学建模竞赛优秀论文选\2025年研究生数学建模竞赛优秀论文选\B题优秀论文\B题-无线通信系统链路速率建模.pdf,5702,否,可直接阅读PDF
2025,第二十二届,B,B题-机器学习驱动的面向 MIMO-OFDM 的链路速率预测.pdf,2025年研究生数学建模竞赛优秀论文选\2025年研究生数学建模竞赛优秀论文选\B题优秀论文\B题-机器学习驱动的面向 MIMO-OFDM 的链路速率预测.pdf,5128,否,可直接阅读PDF
2025,第二十二届,C,C题-1-围岩裂隙精准识别与三维模型重构.pdf,2025年研究生数学建模竞赛优秀论文选\2025年研究生数学建模竞赛优秀论文选\C题优秀论文\C题-1-围岩裂隙精准识别与三维模型重构.pdf,2392,否,可直接阅读PDF
2025,第二十二届,C,C题-2-围岩裂隙精准识别与三维模型重构.pdf,2025年研究生数学建模竞赛优秀论文选\2025年研究生数学建模竞赛优秀论文选\C题优秀论文\C题-2-围岩裂隙精准识别与三维模型重构.pdf,15734,否,可直接阅读PDF
2025,第二十二届,C,C题-3-围岩裂隙精准识别与三维模型重构.pdf,2025年研究生数学建模竞赛优秀论文选\2025年研究生数学建模竞赛优秀论文选\C题优秀论文\C题-3-围岩裂隙精准识别与三维模型重构.pdf,15322,否,可直接阅读PDF
2025,第二十二届,C,C题-基于 Frangi 滤波的钻孔裂隙识别与三维概率重构.pdf,2025年研究生数学建模竞赛优秀论文选\2025年研究生数学建模竞赛优秀论文选\C题优秀论文\C题-基于 Frangi 滤波的钻孔裂隙识别与三维概率重构.pdf,8822,否,可直接阅读PDF
2025,第二十二届,C,C题-基于钻孔裂隙智能识别的岩体结构面网络重构与稳定性分区研究.pdf,2025年研究生数学建模竞赛优秀论文选\2025年研究生数学建模竞赛优秀论文选\C题优秀论文\C题-基于钻孔裂隙智能识别的岩体结构面网络重构与稳定性分区研究.pdf,4343,否,可直接阅读PDF
2025,第二十二届,D,D题-低空湍流监测及最优航路规划研究.pdf,2025年研究生数学建模竞赛优秀论文选\2025年研究生数学建模竞赛优秀论文选\D题优秀论文\D题-低空湍流监测及最优航路规划研究.pdf,8104,否,可直接阅读PDF
2025,第二十二届,D,D题-基于多源数据融合的低空湍流监测与航路优化.pdf,2025年研究生数学建模竞赛优秀论文选\2025年研究生数学建模竞赛优秀论文选\D题优秀论文\D题-基于多源数据融合的低空湍流监测与航路优化.pdf,19621,否,可直接阅读PDF
2025,第二十二届,E,E题-基于迁移学习的高速列车轴承故障诊断研究.pdf,2025年研究生数学建模竞赛优秀论文选\2025年研究生数学建模竞赛优秀论文选\E题优秀论文\E题-基于迁移学习的高速列车轴承故障诊断研究.pdf,19404,否,可直接阅读PDF
2025,第二十二届,E,E题-无监督迁移学习下的轴承故障诊断建模与优化.pdf,2025年研究生数学建模竞赛优秀论文选\2025年研究生数学建模竞赛优秀论文选\E题优秀论文\E题-无监督迁移学习下的轴承故障诊断建模与优化.pdf,7514,否,可直接阅读PDF
2025,第二十二届,E,E题-高速列车轴承智能故障诊断问题.pdf,2025年研究生数学建模竞赛优秀论文选\2025年研究生数学建模竞赛优秀论文选\E题优秀论文\E题-高速列车轴承智能故障诊断问题.pdf,2693,否,可直接阅读PDF
2025,第二十二届,F,F题-1-江南古典园林的美学特征建模.pdf,2025年研究生数学建模竞赛优秀论文选\2025年研究生数学建模竞赛优秀论文选\F题优秀论文\F题-1-江南古典园林的美学特征建模.pdf,17767,否,可直接阅读PDF
2025,第二十二届,F,F题-2-江南古典园林的美学特征建模.pdf,2025年研究生数学建模竞赛优秀论文选\2025年研究生数学建模竞赛优秀论文选\F题优秀论文\F题-2-江南古典园林的美学特征建模.pdf,21318,否,可直接阅读PDF
2025,第二十二届,F,F题-多模态数据融合视角下江南古典园林美学特征量化建模研究.pdf,2025年研究生数学建模竞赛优秀论文选\2025年研究生数学建模竞赛优秀论文选\F题优秀论文\F题-多模态数据融合视角下江南古典园林美学特征量化建模研究.pdf,9904,否,可直接阅读PDF
2025,第二十二届,F,F题-江南古典园林美学特征的量化建模与分析.pdf,2025年研究生数学建模竞赛优秀论文选\2025年研究生数学建模竞赛优秀论文选\F题优秀论文\F题-江南古典园林美学特征的量化建模与分析.pdf,29462,否,可直接阅读PDF
